{
	"credit": "Created by Mickey Joe Alpha - http://YouTube.com/@MushirMickeyJoe",
	"parent": "block/block",
	"textures": {
		"particle": "barely_default:item/plated_food/cherry"
	},
	"elements": [
		{
			"from": [8, 1, 4.5],
			"to": [11, 4, 7.5],
			"rotation": {"angle": 0, "axis": "y", "origin": [8, 1, 5.5]},
			"faces": {
				"north": {"uv": [3, 13, 6, 16], "texture": "#particle"},
				"east": {"uv": [0, 13, 3, 16], "texture": "#particle"},
				"south": {"uv": [9, 13, 12, 16], "texture": "#particle"},
				"west": {"uv": [6, 13, 9, 16], "texture": "#particle"},
				"up": {"uv": [6, 13, 3, 10], "texture": "#particle"}
			}
		},
		{
			"from": [5, 1, 8.5],
			"to": [8, 4, 11.5],
			"rotation": {"angle": 0, "axis": "y", "origin": [6.5, 2.5, 10]},
			"faces": {
				"north": {"uv": [9, 13, 12, 16], "texture": "#particle"},
				"east": {"uv": [6, 13, 9, 16], "texture": "#particle"},
				"south": {"uv": [3, 13, 6, 16], "texture": "#particle"},
				"west": {"uv": [0, 13, 3, 16], "texture": "#particle"},
				"up": {"uv": [6, 13, 3, 10], "rotation": 180, "texture": "#particle"}
			}
		},
		{
			"from": [8, 4, 5],
			"to": [8, 9, 11],
			"rotation": {"angle": -45, "axis": "y", "origin": [8, 5, 8]},
			"faces": {
				"east": {"uv": [0, 0, 6, 5], "texture": "#particle"},
				"west": {"uv": [0, 0, 6, 5], "texture": "#particle"}
			}
		}
	],
	"display": {
		"thirdperson_righthand": {
			"rotation": [67, 45, 0],
			"translation": [0, 4.75, 2.5],
			"scale": [0.55, 0.55, 0.55]
		},
		"thirdperson_lefthand": {
			"rotation": [67, 45, 0],
			"translation": [0, 4.75, 2.5],
			"scale": [0.55, 0.55, 0.55]
		},
		"firstperson_righthand": {
			"rotation": [0, 45, 0],
			"translation": [1.13, 7.05, 1.13],
			"scale": [0.68, 0.68, 0.68]
		},
		"firstperson_lefthand": {
			"rotation": [0, 45, 0],
			"translation": [1.13, 7.05, 1.13],
			"scale": [0.68, 0.68, 0.68]
		},
		"ground": {
			"translation": [0, 3.25, 0],
			"scale": [0.5, 0.5, 0.5]
		},
		"gui": {
			"rotation": [35, -135, 0],
			"translation": [0, 2.075, 7.25],
			"scale": [0.8, 0.8, 0.8]
		},
		"head": {
			"translation": [0, 14.25, 0]
		},
		"fixed": {
			"rotation": [-90, 0, 0],
			"translation": [0, 0, -14],
			"scale": [2.01, 2.01, 2.01]
		}
	}
}