{
	"credit": "Created by Mickey Joe Alpha - http://YouTube.com/@MushirMickeyJoe",
	"parent": "block/block",
	"textures": {
		"soup": "barely_default:item/plated_food/chorus_soup",
		"particle": "item/plated_food/bowl"
	},
	"elements": [
		{
			"from": [4.5, 1, 4.5],
			"to": [11.5, 2, 11.5],
			"rotation": {"angle": 0, "axis": "y", "origin": [7.5, 1, 7.5]},
			"faces": {
				"north": {"uv": [1, 13, 8, 14], "texture": "#particle"},
				"east": {"uv": [1, 13, 8, 14], "texture": "#particle"},
				"south": {"uv": [1, 13, 8, 14], "texture": "#particle"},
				"west": {"uv": [1, 13, 8, 14], "texture": "#particle"}
			}
		},
		{
			"from": [3.5, 2, 3.5],
			"to": [12.5, 6, 12.5],
			"rotation": {"angle": 0, "axis": "y", "origin": [7.5, 2, 7.5]},
			"faces": {
				"north": {"uv": [0, 9, 9, 13], "texture": "#particle"},
				"east": {"uv": [0, 9, 9, 13], "texture": "#particle"},
				"south": {"uv": [0, 9, 9, 13], "texture": "#particle"},
				"west": {"uv": [0, 9, 9, 13], "texture": "#particle"},
				"up": {"uv": [0, 0, 9, 9], "texture": "#particle"},
				"down": {"uv": [0, 0, 9, 9], "texture": "#particle"}
			}
		},
		{
			"from": [11.5, 6, 11.5],
			"to": [4.5, 5, 4.5],
			"rotation": {"angle": 0, "axis": "y", "origin": [14.5, 6, 14.5]},
			"faces": {
				"north": {"uv": [9, 7, 16, 8], "texture": "#particle"},
				"east": {"uv": [9, 7, 16, 8], "texture": "#particle"},
				"south": {"uv": [9, 7, 16, 8], "texture": "#particle"},
				"west": {"uv": [9, 7, 16, 8], "texture": "#particle"},
				"up": {"uv": [7, 7, 0, 0], "texture": "#soup"}
			}
		},
		{
			"from": [5.5, 5, 8.5],
			"to": [9.5, 10, 8.5],
			"rotation": {"angle": 0, "axis": "y", "origin": [6.5, 5, 7.5]},
			"faces": {
				"north": {"uv": [7, 0, 11, 5], "texture": "#soup"},
				"south": {"uv": [11, 0, 7, 5], "texture": "#soup"}
			}
		}
	],
	"display": {
		"thirdperson_righthand": {
			"rotation": [67, 45, 0],
			"translation": [0, 4.75, 2.5],
			"scale": [0.55, 0.55, 0.55]
		},
		"thirdperson_lefthand": {
			"rotation": [67, 45, 0],
			"translation": [0, 4.75, 2.5],
			"scale": [0.55, 0.55, 0.55]
		},
		"firstperson_righthand": {
			"rotation": [0, 45, 0],
			"translation": [1.13, 7.05, 1.13],
			"scale": [0.68, 0.68, 0.68]
		},
		"firstperson_lefthand": {
			"rotation": [0, 45, 0],
			"translation": [1.13, 7.05, 1.13],
			"scale": [0.68, 0.68, 0.68]
		},
		"ground": {
			"translation": [0, 3.25, 0],
			"scale": [0.5, 0.5, 0.5]
		},
		"gui": {
			"rotation": [35, 225, 0],
			"translation": [0, 2.075, 7.25],
			"scale": [0.8, 0.8, 0.8]
		},
		"head": {
			"translation": [0, 14.25, 0]
		},
		"fixed": {
			"rotation": [-90, 0, 0],
			"translation": [0, 0, -14],
			"scale": [2.01, 2.01, 2.01]
		}
	}
}