{
	"credit": "Created by Mickey Joe Alpha - http://YouTube.com/@MushirMickeyJoe",
	"parent": "block/block",
	"textures": {
		"particle": "barely_default:item/plated_food/cooked_big_beak_egg",
		"yolk": "barely_default:item/plated_food/cooked_sniffer_egg_pool"
	},
	"elements": [
		{
			"from": [3, 1, 2],
			"to": [9, 2, 8],
			"rotation": {"angle": 0, "axis": "y", "origin": [6, 1.5, 5]},
			"faces": {
				"north": {"uv": [5, 5, 6, 11], "rotation": 90, "texture": "#particle"},
				"east": {"uv": [0, 10, 6, 11], "texture": "#particle"},
				"south": {"uv": [5, 5, 6, 11], "rotation": 90, "texture": "#particle"},
				"west": {"uv": [5, 11, 6, 5], "rotation": 90, "texture": "#particle"},
				"up": {"uv": [0, 5, 6, 11], "rotation": 270, "texture": "#particle"}
			}
		},
		{
			"from": [5.45, 1, 2],
			"to": [11.45, 2, 8],
			"rotation": {"angle": -22.5, "axis": "z", "origin": [11.45, 1, 5]},
			"faces": {
				"north": {"uv": [6, 6, 0, 5], "texture": "#particle"},
				"east": {"uv": [5, 5, 6, 11], "rotation": 90, "texture": "#particle"},
				"south": {"uv": [0, 10, 6, 11], "texture": "#particle"},
				"west": {"uv": [0, 11, 1, 5], "rotation": 90, "texture": "#particle"},
				"up": {"uv": [0, 5, 6, 11], "texture": "#particle"},
				"down": {"uv": [0, 11, 6, 5], "texture": "#particle"}
			}
		},
		{
			"from": [12.3, 1, 5],
			"to": [13.3, 7, 11],
			"rotation": {"angle": 22.5, "axis": "z", "origin": [12.3, 1, 8]},
			"faces": {
				"north": {"uv": [5, 11, 6, 5], "rotation": 180, "texture": "#particle"},
				"east": {"uv": [0, 5, 6, 11], "texture": "#particle"},
				"south": {"uv": [0, 5, 1, 11], "texture": "#particle"},
				"west": {"uv": [0, 11, 6, 5], "rotation": 180, "texture": "#particle"},
				"up": {"uv": [0, 5, 6, 6], "rotation": 270, "texture": "#particle"},
				"down": {"uv": [0, 10, 6, 11], "rotation": 90, "texture": "#particle"}
			}
		},
		{
			"from": [4, 1, 8],
			"to": [10, 7, 13],
			"rotation": {"angle": 0, "axis": "y", "origin": [4, 1, 11]},
			"faces": {
				"north": {"uv": [0, 5, 6, 11], "texture": "#particle"},
				"east": {"uv": [6, 0, 12, 5], "rotation": 90, "texture": "#particle"},
				"south": {"uv": [6, 5, 12, 11], "texture": "#particle"},
				"west": {"uv": [6, 5, 12, 0], "rotation": 90, "texture": "#particle"},
				"up": {"uv": [6, 5, 0, 0], "texture": "#particle"}
			}
		},
		{
			"from": [2, 1.05, 2],
			"to": [14, 1.05, 11],
			"rotation": {"angle": 0, "axis": "y", "origin": [-1, -0.95, 2]},
			"faces": {
				"up": {"uv": [1, 4, 13, 13], "rotation": 180, "texture": "#yolk"}
			}
		}
	],
	"display": {
		"thirdperson_righthand": {
			"rotation": [67, 45, 0],
			"translation": [0, 4.75, 2.5],
			"scale": [0.55, 0.55, 0.55]
		},
		"thirdperson_lefthand": {
			"rotation": [67, 45, 0],
			"translation": [0, 4.75, 2.5],
			"scale": [0.55, 0.55, 0.55]
		},
		"firstperson_righthand": {
			"rotation": [0, 45, 0],
			"translation": [1.13, 7.05, 1.13],
			"scale": [0.68, 0.68, 0.68]
		},
		"firstperson_lefthand": {
			"rotation": [0, 45, 0],
			"translation": [1.13, 7.05, 1.13],
			"scale": [0.68, 0.68, 0.68]
		},
		"ground": {
			"translation": [0, 3.25, 0],
			"scale": [0.5, 0.5, 0.5]
		},
		"gui": {
			"rotation": [35, 225, 0],
			"translation": [0, 2.075, 7.25],
			"scale": [0.8, 0.8, 0.8]
		},
		"head": {
			"translation": [0, 14.25, 0]
		},
		"fixed": {
			"rotation": [-90, 0, 0],
			"translation": [0, 0, -14],
			"scale": [2.01, 2.01, 2.01]
		}
	}
}