{
	"credit": "Created by Mickey Joe Alpha - http://YouTube.com/@MushirMickeyJoe",
	"parent": "block/block",
	"textures": {
		"particle": "barely_default:item/plated_food/cooked_egg"
	},
	"elements": [
		{
			"from": [4.5, 1, 8],
			"to": [7.5, 4, 11],
			"rotation": {"angle": 0, "axis": "y", "origin": [5.5, 1, 8]},
			"faces": {
				"north": {"uv": [3, 0, 6, 3], "texture": "#particle"},
				"east": {"uv": [9, 0, 6, 3], "texture": "#particle"},
				"south": {"uv": [9, 0, 12, 3], "texture": "#particle"},
				"west": {"uv": [6, 0, 9, 3], "texture": "#particle"},
				"up": {"uv": [3, 3, 0, 0], "texture": "#particle"}
			}
		},
		{
			"from": [6.5, 1, 3],
			"to": [9.5, 2, 6],
			"rotation": {"angle": 0, "axis": "y", "origin": [7.5, 1, 6]},
			"faces": {
				"north": {"uv": [13, 2, 16, 3], "texture": "#particle"},
				"east": {"uv": [13, 3, 14, 0], "rotation": 90, "texture": "#particle"},
				"south": {"uv": [16, 0, 13, 1], "texture": "#particle"},
				"west": {"uv": [15, 0, 16, 3], "rotation": 90, "texture": "#particle"},
				"up": {"uv": [16, 3, 13, 0], "texture": "#particle"}
			}
		},
		{
			"from": [8.5, 1, 7],
			"to": [11.5, 2, 10],
			"rotation": {"angle": 0, "axis": "y", "origin": [10, 1.5, 8.5]},
			"faces": {
				"north": {"uv": [15, 0, 16, 3], "rotation": 90, "texture": "#particle"},
				"east": {"uv": [13, 2, 16, 3], "texture": "#particle"},
				"south": {"uv": [13, 3, 14, 0], "rotation": 90, "texture": "#particle"},
				"west": {"uv": [16, 0, 13, 1], "texture": "#particle"},
				"up": {"uv": [16, 3, 13, 0], "rotation": 90, "texture": "#particle"}
			}
		},
		{
			"from": [8.5, 1, 9.4],
			"to": [11.5, 2, 12.4],
			"rotation": {"angle": 22.5, "axis": "x", "origin": [10, 1, 12.4]},
			"faces": {
				"north": {"uv": [16, 0, 13, 1], "texture": "#particle"},
				"east": {"uv": [15, 0, 16, 3], "rotation": 90, "texture": "#particle"},
				"south": {"uv": [13, 2, 16, 3], "texture": "#particle"},
				"west": {"uv": [13, 3, 14, 0], "rotation": 90, "texture": "#particle"},
				"up": {"uv": [16, 3, 13, 0], "rotation": 180, "texture": "#particle"},
				"down": {"uv": [16, 3, 13, 0], "rotation": 90, "texture": "#particle"}
			}
		}
	],
	"display": {
		"thirdperson_righthand": {
			"rotation": [67, 45, 0],
			"translation": [0, 4.75, 2.5],
			"scale": [0.55, 0.55, 0.55]
		},
		"thirdperson_lefthand": {
			"rotation": [67, 45, 0],
			"translation": [0, 4.75, 2.5],
			"scale": [0.55, 0.55, 0.55]
		},
		"firstperson_righthand": {
			"rotation": [0, 45, 0],
			"translation": [1.13, 7.05, 1.13],
			"scale": [0.68, 0.68, 0.68]
		},
		"firstperson_lefthand": {
			"rotation": [0, 45, 0],
			"translation": [1.13, 7.05, 1.13],
			"scale": [0.68, 0.68, 0.68]
		},
		"ground": {
			"translation": [0, 3.25, 0],
			"scale": [0.5, 0.5, 0.5]
		},
		"gui": {
			"rotation": [35, 225, 0],
			"translation": [0, 2.075, 7.25],
			"scale": [0.8, 0.8, 0.8]
		},
		"head": {
			"translation": [0, 14.25, 0]
		},
		"fixed": {
			"rotation": [-90, 0, 0],
			"translation": [0, 0, -14],
			"scale": [2.01, 2.01, 2.01]
		}
	}
}