{
	"credit": "Created by Mickey Joe Alpha - http://YouTube.com/@MushirMickeyJoe",
	"parent": "block/block",
	"textures": {
		"particle": "barely_default:item/plated_food/cooked_turtle_egg"
	},
	"elements": [
		{
			"from": [5.5, 1, 5.5],
			"to": [10.5, 5, 10.5],
			"rotation": {"angle": 0, "axis": "y", "origin": [7.5, 1, 6.5]},
			"faces": {
				"north": {"uv": [5, 4, 10, 8], "texture": "#particle"},
				"east": {"uv": [0, 5, 5, 9], "texture": "#particle"},
				"south": {"uv": [10, 0, 15, 4], "texture": "#particle"},
				"west": {"uv": [5, 0, 10, 4], "texture": "#particle"},
				"up": {"uv": [5, 5, 0, 0], "texture": "#particle"}
			}
		},
		{
			"from": [7.5, 5, 6.5],
			"to": [8.5, 6, 7.5],
			"rotation": {"angle": 0, "axis": "y", "origin": [6.5, 5, 6.5]},
			"faces": {
				"north": {"uv": [15, 4, 16, 5], "texture": "#particle"},
				"east": {"uv": [15, 4, 16, 5], "texture": "#particle"},
				"south": {"uv": [15, 4, 16, 5], "texture": "#particle"},
				"west": {"uv": [15, 4, 16, 5], "texture": "#particle"},
				"up": {"uv": [15, 4, 16, 5], "texture": "#particle"},
				"down": {"uv": [15, 4, 16, 5], "texture": "#particle"}
			}
		},
		{
			"from": [6.5, 4.5, 7.25],
			"to": [9.5, 5.5, 8.25],
			"rotation": {"angle": -22.5, "axis": "x", "origin": [6.5, 5.5, 7.75]},
			"faces": {
				"north": {"uv": [13, 7, 16, 8], "rotation": 180, "texture": "#particle"},
				"east": {"uv": [15, 7, 16, 8], "rotation": 270, "texture": "#particle"},
				"south": {"uv": [13, 7, 16, 8], "texture": "#particle"},
				"west": {"uv": [13, 7, 14, 8], "rotation": 90, "texture": "#particle"},
				"up": {"uv": [16, 7, 13, 8], "rotation": 180, "texture": "#particle"}
			}
		},
		{
			"from": [9, 5.1, 6],
			"to": [10, 5.1, 8],
			"rotation": {"angle": -45, "axis": "y", "origin": [9.5, 5.1, 7.5]},
			"faces": {
				"up": {"uv": [13, 4, 14, 6], "texture": "#particle"}
			}
		},
		{
			"from": [6, 5.1, 6],
			"to": [7, 5.1, 8],
			"rotation": {"angle": 45, "axis": "y", "origin": [6.5, 5.1, 7.5]},
			"faces": {
				"up": {"uv": [11, 4, 10, 6], "texture": "#particle"}
			}
		}
	],
	"display": {
		"thirdperson_righthand": {
			"rotation": [67, 45, 0],
			"translation": [0, 4.75, 2.5],
			"scale": [0.55, 0.55, 0.55]
		},
		"thirdperson_lefthand": {
			"rotation": [67, 45, 0],
			"translation": [0, 4.75, 2.5],
			"scale": [0.55, 0.55, 0.55]
		},
		"firstperson_righthand": {
			"rotation": [0, 45, 0],
			"translation": [1.13, 7.05, 1.13],
			"scale": [0.68, 0.68, 0.68]
		},
		"firstperson_lefthand": {
			"rotation": [0, 45, 0],
			"translation": [1.13, 7.05, 1.13],
			"scale": [0.68, 0.68, 0.68]
		},
		"ground": {
			"translation": [0, 3.25, 0],
			"scale": [0.5, 0.5, 0.5]
		},
		"gui": {
			"rotation": [35, 225, 0],
			"translation": [0, 2.075, 7.25],
			"scale": [0.8, 0.8, 0.8]
		},
		"head": {
			"translation": [0, 14.25, 0]
		},
		"fixed": {
			"rotation": [-90, 0, 0],
			"translation": [0, 0, -14],
			"scale": [2.01, 2.01, 2.01]
		}
	}
}