{
	"credit": "Created by Mickey Joe Alpha - http://YouTube.com/@MushirMickeyJoe",
	"parent": "block/block",
	"textures": {
		"yolk": "barely_default:item/plated_food/cooked_sniffer_egg_pool",
		"particle": "barely_default:item/plated_food/cooked_sniffer_egg"
	},
	"elements": [
		{
			"from": [5, 1, 4],
			"to": [11, 4, 10],
			"rotation": {"angle": 0, "axis": "y", "origin": [8, 1, 6]},
			"faces": {
				"north": {"uv": [10, 3, 16, 6], "texture": "#particle"},
				"east": {"uv": [10, 6, 16, 9], "texture": "#particle"},
				"south": {"uv": [10, 3, 16, 6], "texture": "#particle"},
				"west": {"uv": [16, 6, 10, 9], "texture": "#particle"},
				"up": {"uv": [2, 9, 8, 15], "texture": "#particle"}
			}
		},
		{
			"from": [3, 1, 11.35],
			"to": [13, 7, 14.35],
			"rotation": {"angle": -22.5, "axis": "x", "origin": [8, 1, 11.35]},
			"faces": {
				"north": {"uv": [0, 9, 10, 15], "rotation": 180, "texture": "#particle"},
				"east": {"uv": [10, 0, 16, 3], "rotation": 270, "texture": "#particle"},
				"south": {"uv": [0, 3, 10, 9], "texture": "#particle"},
				"west": {"uv": [16, 0, 10, 3], "rotation": 90, "texture": "#particle"},
				"up": {"uv": [0, 0, 10, 3], "rotation": 180, "texture": "#particle"},
				"down": {"uv": [0, 0, 10, 3], "texture": "#particle"}
			}
		},
		{
			"from": [10, 3.54328, 9.0539],
			"to": [13, 6.54328, 9.0539],
			"rotation": {"angle": 0, "axis": "x", "origin": [10, 6.54328, 9.0539]},
			"faces": {
				"north": {"uv": [10, 9, 13, 12], "texture": "#particle"},
				"south": {"uv": [13, 9, 10, 12], "texture": "#particle"}
			}
		},
		{
			"from": [2, 1.05, 2],
			"to": [14, 1.05, 14],
			"rotation": {"angle": 0, "axis": "y", "origin": [0, -0.95, 3]},
			"faces": {
				"up": {"uv": [2, 2, 14, 14], "texture": "#yolk"}
			}
		}
	],
	"display": {
		"thirdperson_righthand": {
			"rotation": [67, 45, 0],
			"translation": [0, 4.75, 2.5],
			"scale": [0.55, 0.55, 0.55]
		},
		"thirdperson_lefthand": {
			"rotation": [67, 45, 0],
			"translation": [0, 4.75, 2.5],
			"scale": [0.55, 0.55, 0.55]
		},
		"firstperson_righthand": {
			"rotation": [0, 45, 0],
			"translation": [1.13, 7.05, 1.13],
			"scale": [0.68, 0.68, 0.68]
		},
		"firstperson_lefthand": {
			"rotation": [0, 45, 0],
			"translation": [1.13, 7.05, 1.13],
			"scale": [0.68, 0.68, 0.68]
		},
		"ground": {
			"translation": [0, 3.25, 0],
			"scale": [0.5, 0.5, 0.5]
		},
		"gui": {
			"rotation": [35, 225, 0],
			"translation": [0, 2.075, 7.25],
			"scale": [0.8, 0.8, 0.8]
		},
		"head": {
			"translation": [0, 14.25, 0]
		},
		"fixed": {
			"rotation": [-90, 0, 0],
			"translation": [0, 0, -14],
			"scale": [2.01, 2.01, 2.01]
		}
	}
}