{
	"credit": "Created by Mickey Joe Alpha - http://YouTube.com/@MushirMickeyJoe",
	"parent": "block/block",
	"textures": {
		"particle": "barely_default:item/plated_food/glow_calamari"
	},
	"elements": [
		{
			"from": [2, 1, 7],
			"to": [6, 3, 9],
			"light_emission": 12,
			"rotation": {"angle": -22.5, "axis": "y", "origin": [8, 1, 8]},
			"faces": {
				"north": {"uv": [2, 14, 6, 16], "texture": "#particle"},
				"east": {"uv": [0, 14, 2, 16], "texture": "#particle"},
				"south": {"uv": [6, 14, 2, 16], "texture": "#particle"},
				"west": {"uv": [6, 14, 8, 16], "texture": "#particle"},
				"up": {"uv": [12, 16, 8, 14], "texture": "#particle"}
			}
		},
		{
			"from": [1.5, 0.5, 6.5],
			"to": [6.5, 3.5, 9.5],
			"light_emission": 12,
			"rotation": {"angle": -22.5, "axis": "y", "origin": [8, 1, 8]},
			"faces": {
				"north": {"uv": [13, 0, 8, 3], "texture": "#particle"},
				"east": {"uv": [7, 0, 10, 3], "texture": "#particle"},
				"south": {"uv": [3, 3, 8, 6], "texture": "#particle"},
				"up": {"uv": [7, 3, 12, 0], "texture": "#particle"}
			}
		},
		{
			"from": [8, 1, 7],
			"to": [12, 3, 9],
			"light_emission": 12,
			"rotation": {"angle": -22.5, "axis": "y", "origin": [8, 1, 8]},
			"faces": {
				"north": {"uv": [2, 8, 6, 10], "texture": "#particle"},
				"east": {"uv": [0, 8, 2, 10], "texture": "#particle"},
				"south": {"uv": [6, 8, 2, 10], "texture": "#particle"},
				"west": {"uv": [6, 8, 8, 10], "texture": "#particle"},
				"up": {"uv": [12, 10, 8, 8], "texture": "#particle"}
			}
		},
		{
			"from": [7.5, 0.5, 6.5],
			"to": [12.5, 3.5, 9.5],
			"light_emission": 12,
			"rotation": {"angle": -22.5, "axis": "y", "origin": [8, 1, 8]},
			"faces": {
				"north": {"uv": [11, 6, 16, 3], "texture": "#particle"},
				"south": {"uv": [13, 0, 8, 3], "texture": "#particle"},
				"west": {"uv": [11, 0, 8, 3], "texture": "#particle"},
				"up": {"uv": [12, 3, 7, 0], "texture": "#particle"}
			}
		},
		{
			"from": [12, 1, 7.5],
			"to": [15, 2, 8.5],
			"light_emission": 12,
			"rotation": {"angle": -22.5, "axis": "y", "origin": [8, 1, 8]},
			"faces": {
				"north": {"uv": [0, 7, 3, 8], "texture": "#particle"},
				"east": {"uv": [0, 7, 1, 8], "texture": "#particle"},
				"south": {"uv": [3, 7, 0, 8], "texture": "#particle"},
				"up": {"uv": [3, 8, 0, 7], "texture": "#particle"},
				"down": {"uv": [3, 7, 0, 8], "texture": "#particle"}
			}
		},
		{
			"from": [4, 3, 7],
			"to": [10, 5, 9],
			"light_emission": 12,
			"rotation": {"angle": -22.5, "axis": "y", "origin": [8, 1, 8]},
			"faces": {
				"north": {"uv": [2, 12, 8, 14], "texture": "#particle"},
				"east": {"uv": [0, 12, 2, 14], "texture": "#particle"},
				"south": {"uv": [8, 12, 2, 14], "texture": "#particle"},
				"west": {"uv": [8, 12, 10, 14], "texture": "#particle"},
				"up": {"uv": [6, 12, 0, 10], "texture": "#particle"},
				"down": {"uv": [12, 12, 6, 10], "texture": "#particle"}
			}
		},
		{
			"from": [3.5, 2.5, 6.5],
			"to": [10.5, 5.5, 9.5],
			"light_emission": 12,
			"rotation": {"angle": -22.5, "axis": "y", "origin": [8, 1, 8]},
			"faces": {
				"north": {"uv": [10, 3, 3, 6], "texture": "#particle"},
				"south": {"uv": [10, 3, 3, 6], "texture": "#particle"},
				"up": {"uv": [10, 0, 3, 3], "texture": "#particle"}
			}
		}
	],
	"display": {
		"thirdperson_righthand": {
			"rotation": [67, 45, 0],
			"translation": [0, 4.75, 2.5],
			"scale": [0.55, 0.55, 0.55]
		},
		"thirdperson_lefthand": {
			"rotation": [67, 45, 0],
			"translation": [0, 4.75, 2.5],
			"scale": [0.55, 0.55, 0.55]
		},
		"firstperson_righthand": {
			"rotation": [0, 45, 0],
			"translation": [1.13, 7.05, 1.13],
			"scale": [0.68, 0.68, 0.68]
		},
		"firstperson_lefthand": {
			"rotation": [0, 45, 0],
			"translation": [1.13, 7.05, 1.13],
			"scale": [0.68, 0.68, 0.68]
		},
		"ground": {
			"translation": [0, 3.25, 0],
			"scale": [0.5, 0.5, 0.5]
		},
		"gui": {
			"rotation": [35, -135, 0],
			"translation": [0, 2.075, 7.25],
			"scale": [0.8, 0.8, 0.8]
		},
		"head": {
			"translation": [0, 14.25, 0]
		},
		"fixed": {
			"rotation": [-90, 0, 0],
			"translation": [0, 0, -14],
			"scale": [2.01, 2.01, 2.01]
		}
	}
}