{
	"format_version": "1.21.6",
	"texture_size": [128, 128],
	"textures": {
		"0": "777:item/blackjack_table",
		"particle": "777:item/blackjack_table"
	},
	"elements": [
		{
			"from": [-14, 0, 0],
			"to": [30, 17, 16],
			"rotation": {"angle": 0, "axis": "y", "origin": [7, 0, 7]},
			"faces": {
				"north": {"uv": [0, 4.5, 5.5, 6.625], "texture": "#0"},
				"east": {"uv": [0, 6.625, 2, 8.75], "texture": "#0"},
				"south": {"uv": [5.5, 4.5, 11, 6.625], "texture": "#0"},
				"west": {"uv": [2, 6.625, 4, 8.75], "texture": "#0"},
				"up": {"uv": [11.25, 2, 5.75, 0], "texture": "#0"},
				"down": {"uv": [11.25, 2, 5.75, 4], "texture": "#0"}
			}
		},
		{
			"from": [-15, 15, -1],
			"to": [31, 18, 17],
			"rotation": {"angle": 0, "axis": "y", "origin": [7, 1, 7]},
			"faces": {
				"north": {"uv": [5.75, 4, 11.5, 4.375], "texture": "#0"},
				"east": {"uv": [4, 7, 6.25, 7.375], "texture": "#0"},
				"south": {"uv": [4, 6.625, 9.75, 7], "texture": "#0"},
				"west": {"uv": [6.25, 7, 8.5, 7.375], "texture": "#0"},
				"up": {"uv": [5.75, 2.25, 0, 0], "texture": "#0"},
				"down": {"uv": [5.75, 2.25, 0, 4.5], "texture": "#0"}
			}
		}
	],
	"display": {
		"thirdperson_righthand": {
			"rotation": [123.78, 46.36, -154.26],
			"translation": [1.25, 0, 0],
			"scale": [0.15, 0.15, 0.15]
		},
		"thirdperson_lefthand": {
			"rotation": [123.78, 46.36, -154.26],
			"translation": [1.25, 0, 0],
			"scale": [0.15, 0.15, 0.15]
		},
		"firstperson_righthand": {
			"rotation": [-166.71, 66.36, 159.69],
			"translation": [1.25, 0.5, 0],
			"scale": [0.3, 0.3, 0.3]
		},
		"firstperson_lefthand": {
			"rotation": [-166.71, 66.36, 159.69],
			"translation": [1.25, 0.5, 0],
			"scale": [0.3, 0.3, 0.3]
		},
		"ground": {
			"translation": [0, 2.5, 0],
			"scale": [0.25, 0.25, 0.25]
		},
		"gui": {
			"rotation": [-174.27, 37.75, -156.62],
			"translation": [0, 0, 2.5],
			"scale": [0.35, 0.35, 0.35]
		},
		"head": {
			"translation": [0, 1.25, 0]
		},
		"fixed": {
			"translation": [0, 0, 2.5],
			"scale": [0.4, 0.4, 0.4]
		}
	},
	"groups": [
		{
			"name": "model",
			"origin": [8, 8, 8],
			"color": 0,
			"children": [0, 1]
		}
	]
}