{
	"credit": "Created by Mickey Joe Alpha - http://YouTube.com/@MushirMickeyJoe",
	"parent": "builtin/generated",
	"textures": {
		"layer0": "barely_default:item/fish/fallen_starfish"
	},
	"gui_light": "front",
	"display": {
		"thirdperson_righthand": {
			"rotation": [73, -48, -130],
			"translation": [0.5, 0.5, -3.75],
			"scale": [1.1, 1.1, 0.55]
		},
		"thirdperson_lefthand": {
			"rotation": [73, -48, 130],
			"translation": [0.5, 0.5, -3.75],
			"scale": [1.1, 1.1, 0.55]
		},
		"firstperson_righthand": {
			"rotation": [0, -90, 25],
			"translation": [1.13, 3.2, 1.13],
			"scale": [1.36, 1.36, 0.68]
		},
		"firstperson_lefthand": {
			"rotation": [0, 90, -25],
			"translation": [1.13, 3.2, 1.13],
			"scale": [1.36, 1.36, 0.68]
		},
		"ground": {
			"translation": [0, 5, 0],
			"scale": [1, 1, 0.5]
		},
		"gui": {
			"translation": [0, -0.3, 0],
			"scale": [1.19, 1.19, 1.19]
		},
		"head": {
			"scale": [0, 0, 0]
		},
		"fixed": {
			"rotation": [0, 180, 0],
			"translation": [-0.25, -0.5, -0.5],
			"scale": [1.99, 1.99, 1]
		}
	}
}