{
	"credit": "Created by Mickey Joe Alpha - http://YouTube.com/@MushirMickeyJoe",
	"parent": "builtin/generated",
	"textures": {
		"layer0": "barely_default:item/fish/loovar"
	},
	"gui_light": "front",
	"display": {
		"thirdperson_righthand": {
			"rotation": [67, -48, -134],
			"translation": [0.75, -0.25, -3.25],
			"scale": [1.1, 1.1, 0.55]
		},
		"thirdperson_lefthand": {
			"rotation": [67, -48, 135],
			"translation": [0.75, -0.25, -3.25],
			"scale": [1.1, 1.1, 0.55]
		},
		"firstperson_righthand": {
			"rotation": [0, 90, 45],
			"translation": [1.13, 3.2, 1.13],
			"scale": [1.36, 1.36, 0.68]
		},
		"firstperson_lefthand": {
			"rotation": [0, -90, -45],
			"translation": [1.13, 3.2, 1.13],
			"scale": [1.36, 1.36, 0.68]
		},
		"ground": {
			"translation": [0, 5, 0],
			"scale": [1, 1, 0.5]
		},
		"gui": {
			"translation": [0.35, -0.35, 0],
			"scale": [1.395, 1.395, 1.395]
		},
		"head": {
			"scale": [0, 0, 0]
		},
		"fixed": {
			"rotation": [0, 180, 0],
			"translation": [0, 0, -0.5],
			"scale": [1.99, 1.99, 1]
		}
	}
}