{
	"credit": "Created by Mickey Joe Alpha - http://YouTube.com/@MushirMickeyJoe",
	"texture_size": [32, 32],
	"textures": {
		"particle": "item/totem_of_undying/fishing_trophy_1st_place"
	},
	"elements": [
		{
			"from": [4, 0, 4],
			"to": [12, 3, 12],
			"rotation": {"angle": 0, "axis": "y", "origin": [7, 0, 7]},
			"faces": {
				"north": {"uv": [4, 14.5, 8, 16], "texture": "#particle"},
				"east": {"uv": [0, 14.5, 4, 16], "texture": "#particle"},
				"south": {"uv": [4, 14.5, 0, 16], "texture": "#particle"},
				"west": {"uv": [0, 14.5, 4, 16], "texture": "#particle"},
				"up": {"uv": [4, 14.5, 0, 10.5], "texture": "#particle"},
				"down": {"uv": [8, 10.5, 4, 14.5], "texture": "#particle"}
			}
		},
		{
			"from": [7, 3, 7],
			"to": [9, 5, 9],
			"rotation": {"angle": 0, "axis": "y", "origin": [7, 3, 7]},
			"faces": {
				"north": {"uv": [8, 15, 9, 16], "texture": "#particle"},
				"east": {"uv": [9, 15, 8, 16], "texture": "#particle"},
				"south": {"uv": [8, 15, 9, 16], "texture": "#particle"},
				"west": {"uv": [9, 15, 8, 16], "texture": "#particle"}
			}
		},
		{
			"from": [4, 5, 4],
			"to": [12, 14, 12],
			"rotation": {"angle": 0, "axis": "y", "origin": [7, 5, 7]},
			"faces": {
				"north": {"uv": [0, 6, 4, 10.5], "texture": "#particle"},
				"east": {"uv": [4, 6, 0, 10.5], "texture": "#particle"},
				"south": {"uv": [0, 6, 4, 10.5], "texture": "#particle"},
				"west": {"uv": [4, 6, 0, 10.5], "texture": "#particle"},
				"up": {"uv": [9, 12, 13, 16], "texture": "#particle"},
				"down": {"uv": [4, 6.5, 8, 10.5], "texture": "#particle"}
			}
		},
		{
			"from": [-1, 4, 8],
			"to": [17, 14, 8],
			"rotation": {"angle": 0, "axis": "y", "origin": [7, 5, 7]},
			"faces": {
				"north": {"uv": [11, 0, 16, 9], "rotation": 90, "texture": "#particle"},
				"south": {"uv": [11, 0, 16, 9], "rotation": 90, "texture": "#particle"}
			}
		},
		{
			"from": [6, 14, 6],
			"to": [10, 17, 10],
			"rotation": {"angle": 0, "axis": "y", "origin": [7, 5, 7]},
			"faces": {
				"north": {"uv": [0, 4.5, 2, 6], "texture": "#particle"},
				"east": {"uv": [2, 4.5, 0, 6], "texture": "#particle"},
				"south": {"uv": [0, 4.5, 2, 6], "texture": "#particle"},
				"west": {"uv": [2, 4.5, 0, 6], "texture": "#particle"},
				"up": {"uv": [4, 6, 2, 4], "texture": "#particle"}
			}
		},
		{
			"from": [4.5, 17, 8],
			"to": [11.5, 25, 8],
			"rotation": {"angle": 0, "axis": "y", "origin": [7.5, 18, 7]},
			"faces": {
				"north": {"uv": [4, 2.5, 7.5, 6.5], "texture": "#particle"},
				"south": {"uv": [7.5, 2.5, 4, 6.5], "texture": "#particle"}
			}
		}
	],
	"gui_light": "front",
	"display": {
		"thirdperson_righthand": {
			"rotation": [0, -23, 0],
			"translation": [0, 1.5, 0],
			"scale": [0.55, 0.55, 0.55]
		},
		"thirdperson_lefthand": {
			"rotation": [0, -23, 0],
			"translation": [0, 1.5, 0],
			"scale": [0.55, 0.55, 0.55]
		},
		"firstperson_righthand": {
			"rotation": [-9, -65, 1],
			"translation": [4.38, 2.95, -2.12],
			"scale": [0.68, 0.68, 0.68]
		},
		"firstperson_lefthand": {
			"rotation": [-9, -65, 1],
			"translation": [4.38, 2.95, -2.12],
			"scale": [0.68, 0.68, 0.68]
		},
		"ground": {
			"translation": [0, 3, 0],
			"scale": [0.33, 0.33, 0.33]
		},
		"gui": {
			"rotation": [0, 154.5, 0],
			"translation": [-0.25, -2.85, 0],
			"scale": [0.64, 0.64, 0.64]
		},
		"head": {
			"translation": [0, 14.5, 0]
		},
		"fixed": {
			"rotation": [-90, 0, 0],
			"translation": [0, 0, -15],
			"scale": [2.01, 2.01, 2.01]
		}
	}
}